sentiment,tweet
negative,@united What is your phone number. I can't find who to call about a flight reservation.
positive,"@united that would help! or how about integrate it into the App so I can just ""activate"" it and surf..."
positive,@united I appreciate your efforts getting me home!
positive,@VirginAmerica @ladygaga @carrieunderwood Julie Andrews all the way though @ladygaga was very impressive! NO to @Carrieunderwood
positive,@VirginAmerica you know what would be amazingly awesome? BOS-FLL PLEASE!!!!!!! I want to fly with only you.
negative,@VirginAmerica trying to book a flight with you guys and your website won't let me... about to lose my business
negative,@VirginAmerica Thanks for making my flight from LAX to JFK a nightmare by forcing me to check my carry on bag at the gate. (1)
negative,"@united but then again, maybe the @BBBNE_SD_KS_IA would care more to hear what went on than whoever listens to issues you caused"
negative,@VirginAmerica I'm pulling my hair out trying to book a flight with u. Your site doesn't work on iPhone or iPad.don't have a computer #help
positive,@VirginAmerica always!!! Xoxo
negative,@VirginAmerica I need to register a service dog for a first class ticket from SFO &gt
positive,@VirginAmerica great. Well deserved.
positive,@united thank you!
negative,@united pls properly train your agents. Requested to speak to 1k customer service &amp
negative,@VirginAmerica at Logan airport and waiting to checkin for my 9am flight. Checkin desk not open !!!!! Why?!
negative,@united @highbuddyyy that totally sucks my cousin worked at PHL said @united
negative,@united @CheerTymeDad So I can buy tix 3 days before flight but can't transfer the tix.  Flawed security logic. Flawed customer service
positive,@VirginAmerica fav airline
positive,@united thank you! Excited to be working with you guys!
negative,@virginamerica Looks like a broken link for your assets https://t.co/OArDjjGrrD
negative,"@VirginAmerica Just trying to book tickets to NYC and facing super fun broken styling. Don't worry, I'll keep trying :)"
negative,@VirginAmerica Already checked in so the page expired :X
positive,@united Ok thank again for your help!
positive,@united EWR agent Barbara was FABULOUS and an example of CUST. SERV. A pleasure talking to youüòä http://t.co/KMQuLY9g5E
positive,So appreciated! @united
positive,"@VirginAmerica View of downtown Los Angeles, the Hollywood Sign, and beyond that rain in the mountains! http://t.co/Dw5nf0ibtr"
positive,@united thank you!
positive,@VirginAmerica your beautiful front-end design is down right now
negative,@VirginAmerica on flight VX399 headed to LA from JFK - dirtiest VA plane I have ever been on. Sad for a great airline.
positive,"@VirginAmerica done! Thank you for the quick response, apparently faster than sitting on hold ;)"
negative,"@VirginAmerica the CSS on your site is a 404 right now, please fix. Site unusable."
positive,"@VirginAmerica has getaway deals through May, from $59 one-way. Lots of cool cities http://t.co/tZZJhuIbCH #CheapFlights #FareCompare"
positive,"@VirginAmerica just promoting the product is all, had a problem with southwest and recommend noneother than the best! http://t.co/tFaNXBh1Cf"
negative,@VirginAmerica Status match - 2 weeks have gone by and no news.Flt next week - hope flt will count towards requirement.  Cust Svc no help!!!
positive,"@united despite shaky connections, looks like I'll get home tonight. Great job, @united - was touch and go for a while.."
positive,@united thank you
positive,@virginamerica you ROCK for making it so I can watch #Oscars on my flight!! #redcarpet #oscars #oscars2015
positive,@united thanks. Just got on a couple of minutes ago. Great service on flight 479 btw. Please pass it to the team on that flight.
negative,@united okay ase24766m. Find our luggage.
negative,"@united it's frustrating, as a frequent flyer, loyal since Continental. Upgrade equals paying 3 times or more on top of purchase ticket."
negative,@VirginAmerica I can't check in or add a bag. Your website isn't working. I've tried both desktop and mobile http://t.co/AvyqdMpi1Y
negative,@united terminal at MIA should have food open before 5am esp when there are flights at 6am. Two hours early like recommended. Can't eat.
positive,@VirginAmerica this is too cool!  Never been on ur planes but now I will!!
negative,‚Äú@united: @Darquenloveli We regret to hear this. Please let us know if you need assistance. ^KN‚Äù I was finally able to secure my seat. Thx
negative,@united very unhappy at no response to complaint emailed on 2nd Feb ref.8441639. Awful customer service!
negative,@united I wonder if sharing all this on FB and insta would produce a number. 140 characters really limits my story telling.
positive,"@united 441, which also had 1 working WC in coach. Good thing this bird landed ahead of schedule. I have to use the WC stat."
positive,"@united Thx, just DM'd. Conf #'s MQXC64 &amp; MPWNC2. Any help appreciated"
positive,@VirginAmerica just got on the 1pm in Newark home to LA. Your folks at EWR are incredible #letsgohome
positive,"@VirginAmerica another perfect flight.   How come on your planes,  the sun visors can stay down?  Other carriers make you raise them?"
positive,@united that's great! pls let me know when u start!
negative,"@united I received 1 bag last night, I am still missing the other one."
negative,@united you think you boarded flight AU1066 too early? I think so.
negative,@united. ..I received on other flights. #united  truly breaks guitars. #unitedbreaksguitars #wantmymoneyback
positive,@VirginAmerica wish I can afford to fly with you next Friday  going back home.. love everything  about your airline
negative,@VirginAmerica  how are you gonna have a deal from Dallas to DC but no deal from DC to Dallas? #sad
negative,"@united In ORD, waited 20 min after crew members left before gate items came. Flight attendant sarcastically said good luck and walked away."
negative,"@united yes, we've been with the agents for the last 50 minutes. One of the agents have been very rude, but thankfully Ladan has been nice."
positive,@united Was able to send the DM. All good now.
positive,@united thanks -- we filled it out. How's our luck with this? Is it common?
negative,@VirginAmerica Applied for Status Match on Feb 1. Got confirmation email same day. Still no news though. You guys have dropped ball Late Flightly üò•
positive,@VirginAmerica  Flight Booking Problems last second flight for next week from SFO- to SAN any chance you want to gift me a promo code since I love you guys
positive,@united Thanks. It is on the same ticket.
negative,@united This isn't a one time thing either! It's a shocking pattern of repeated neglect and disrespect.
positive,@united What a really GREAT &amp
negative,@VirginAmerica seats in Row 8 don't recline should mention that on your website #soreback
negative,"@VirginAmerica We're on flight 910 Vegas to Boston today, checked in online but our bag count didn't register. Can I fix that somehow?"
positive,@VirginAmerica your inflight team makes the experience #amazing!
negative,@united the people at the counter have been very helpful. As you can see nobody is there. Flight to Austin 10:55 and still sitting here.
positive,@united ok thx!
negative,@united Lost bags. Cancelled Flightled flights. Delhi call centers. Poor United staff spread thin and stressed. You name it.
negative,@united Yes. Doesn't make that mistake any less absurd. Doesn't change the fact that I'm very inconveniently missing my luggage tonight.
positive,@united you too!
negative,@VirginAmerica - too many apologies! You r the worse airlines! Don't even respond to your cudtomers
positive,@VirginAmerica got it. All set - Thanks!
positive,@VirginAmerica Moodlighting is the only way to fly! Best experience EVER! Cool and calming. üíú‚úà #MoodlitMonday
negative,@united no Cancelled Flightn just left us to fend for ourselves when flt came in Late Flight. Getting runaround for 3 hrs. Each employee blaming  previous 1.
negative,@united how we looking on getting those bags to Lusaka
positive,"@VirginAmerica, the only airline based in Silicon Valley! #disruption #FCmostinnovative #incubator  @FastCompany's http://t.co/wU3LbCNcr9"
negative,"@VirginAmerica congrats, you just got all my business from EWR to SFO/LAX. Fuck you @united fl1289 SFO/EWR was the clincher..."
negative,@VirginAmerica i need to change my flight thats scheduled in 9 hours and 120 min wait time on phone. Im calling intern. Help!!
positive,@united have Michelle at T1 ORD train your other staff on how to treat customers. A refreshing pleasure to deal with.
positive,@united I will. Thanks.
negative,"@united I'm grounded in Montreal with ua3659. I am missing my connection ua3417 to St. Louis. Can you help,Do you have a private jet for me?"
negative,@united you have to follow me in order for me to DM...come on now
positive,"@united All flights Cancelled Flighted :( Trip refunded without difficulty, staff extremely helpful, no complaints! Way to handle bad weather!"
positive,@VirginAmerica I love the hipster innovation. You are a feel good brand.
positive,@united Great! I'm ready to go home.
negative,"@united frankly worse customer service ever. Problems will happen, how you deal defines a company. Never again United."
positive,@United THANK U! Secured room for the night Thx to VERY helpful customer service rep N. Dorns.. I thanked her.. Can u 2? #goodenoughmother
negative,@VirginAmerica please provide status for flight 769.  I cant imagine it's on time as the Web indicates  dude to weather here and/or Dallas
positive,@united counter agents at RDU deserve a medal. #thankyou
positive,@united thank you
positive,@VirginAmerica @ladygaga @carrieunderwood  I'm Lady Gaga!!! She is amazing! üòä
negative,@united Could you update me on the suitcase please? The online and phone tracking told me nothing. I was told I'd have it back yesterday!
positive,@VirginAmerica wifi AND better seating.
positive,@united thanks for the upgrade today great way to start my week! Cc: @CiscoJimFrench @cobedien
positive,@VirginAmerica That's classy.
negative,@United  My bag is still in Colo Springs. I am disabled and have to search an unfamiliar airport and look for my bag. Not a good outcome
positive,"@VirginAmerica I mean. Probably inappropriate while on board.. But, it's on!"
negative,@virginamerica the manage itinerary section of your website seems to be broken for me https://t.co/2pUJvCElNg
negative,@VirginAmerica Is there anything going on with the website? I've been getting a lot of errors past 30 minutes.
negative,@united OKC ticket agent Roger McLarren(sp?) LESS than helpful with our Intl group travel problems Can't find a supervisor for help.
positive,@united Cool. Thank you.
positive,@united Denver baggage handlers you totally impressed us today. Our lungs barely made the run to connect but our bags had no problem! #DEN
positive,@united thanks for the effort. I can get the earliest. Though I will make a complaint for a refund as I am losing one business day tomorrow
negative,@united A refund and flight vouchers or another flight on a different airline at your expense for today. 8 hour drive is very inconvenient
negative,"@VirginAmerica Never had a bad experience before, but this one took the cake. Now extortion for carry on items as well?"
positive,"@united just touched down in Miami - not too far off , Nicely done united üëç"
negative,@united they helped me at the baggage service desk.  Said bc TSA screening was down in FLL not all bags made it but bag will be in EWR @ 12
negative,@VirginAmerica already contacted Central Baggage &amp
positive,@united you guys continue to impress me in Houston. http://t.co/cIh1qNllcM
positive,@VirginAmerica and again! Another rep kicked butt! Naelah represents your team so beautifully!! Thank you!!!
positive,@united thank you for compensating us for our 4 lost bags. We will fly with you again! #UnitedAirlines
negative,@VirginAmerica status match program.  I applied and it's been three weeks.  Called and emailed with no response.
negative,@VirginAmerica Site down? #help
negative,@united agent helps the person in front of me.  Finishes up with them and then walks away.  The guy behind me is as shocked as I am.
positive,"@united gave me a smile today, with a Zero Award... ;-) Computers have some sense of humour :-) http://t.co/JNqNbk7HuT"
negative,@VirginAmerica I was so looking forward to my first flight with you today but it was Cancelled Flightled along with the subsequent one ...
negative,@united maybe one day you'll be the one quoted on http://t.co/mJkpgVXmPC
positive,@united thanks for listening! I definitely was not the only person in line who thought it was absurd.
negative,@VirginAmerica called your service line and was hung up on. This is awesome. #sarcasm
positive,@VirginAmerica omg omgüòçüòç nonstop Dallas to Austin on virgin‚ú®üò±‚úàÔ∏è
positive,@united one lady helping the 12 of us with luggage
positive,@VirginAmerica that doesn't look to fat to me! It looks yummy!
positive,@united thanks for the epic service on 863- always a pleasure- outstanding crew http://t.co/trqlpeinzW
negative,"@united If it's any consolation, your staff was stellar. Just not the hour+ delays I encountered with every one of my 4 flights."
positive,@united it was delivered! Thank you for making sure it arrived at my doorstep!
negative,@VirginAmerica Grouping Virgin in with the others now. BOS weather has exposed their actual Cus Serv model. Never Flight Booking Problems with Virgin again!
negative,@united checking to see why flight 3466 (atl-ord) got Cancelled Flighted?
negative,"@united yes, but still now answers. Many have not had their luggage for 3 days! Unacceptable!!"
positive,"@VirginAmerica Love the team running Gate E9 at LAS tonight. Waited for a delayed flight, and they kept things entertaining"
positive,@VirginAmerica Thank you!!
positive,@VirginAmerica loved it. Can't wait for Monday's return flight... Mostly just to watch the inflight safety video again. #sorrynotsorry
positive,Yes!! Thanks so much!!! üíú‚Äú@united: @whitterbug We see you spoke with our Reservations team and they've reinstated the flight. Thanks. ^EY‚Äù
positive,@united so is that two seats avail so far for us.
negative,@united Outbound 2 bags 70 lbs bags Returning home 1 bag 50 lbs. What is your logic? And WHY? Am I writing to a Machine? Human HELP required
positive,@VirginAmerica Thanks for the lovely soft views! #travel #SAN to #SFO http://t.co/CnctL7G1ef
positive,@united thank you very much for the help. We're do I pick up my bags aspen airport &amp
negative,@virginamerica how's a direct flight FLL-&gt
positive,@VirginAmerica Thanks for your great customer service today &amp
positive,@united Definitely a compliment! I really thought my bag was lost after it was sent on to another airport. In the end I am a happy customer
positive,@united Please than Robin at EWR Premiere Desk for helping me get on a an earlier flight. She did the work.  Huge thanks.
negative,@united Why do I have to pay $ 17 for wifi with an international business ticket?  #pennypincher
positive,@united awesome I'll book my next Christmas vacatinn this December any other ways you want to devalue mileage plus.
positive,@VirginAmerica Congrats VX on the new route! ‚úàÔ∏èüéâ
negative,@VirginAmerica WTF is happening in PDX Late Flight March such that one way from SFO is ~$550?
positive,"@united captain ""on behalf of the front office, welcome on board."".... Never heard that before. I laughed...hard.  #funnycaptain"
negative,@VirginAmerica I'm disappointed that the agent at the designated silver status check in line @Dulles_Airport closed to assist all pasengers
negative,@VirginAmerica - Your site seems a little wonked right now. May want to have a look. Tried on two browsers. No CSS? http://t.co/8qsQMM7KF2
positive,@united you're good. Thank you!
positive,@united the staff was rather efficient and got us solutions just freaked me out a little being in limbo in the air.
negative,"@united I just sent an email to Customer Care, telling them I may have to break up with you üò¢. I sincerely hope they can help me!!"
negative,"@VirginAmerica I have 2d and 3d embossed badges and patches superior to the ones you are currently using. 
http://t.co/3fq3XElbOn"
negative,@united did  bags make it on the flight out of iad? second day without clothes is pretty inconvenient. We're pretty curious #UnitedAirlines
negative,"@VirginAmerica seriously would pay $30 a flight for seats that didn't have this playing.
it's really the only bad thing about flying VA"
negative,"@united tag numbers 0016 964012, 0016 964077, 0016 964078 - let's find these bags."
negative,@united on 4124 arriving two hours Late Flight into CLT. Now sitting on the tarmac while they move a plane from the gate. Unhappy customer.
negative,@virginamerica why don't any of the pairings include red wine?! Only white is offered :( #redwineisbetter
positive,"@united Ill check it out, appreciate the response, regardless."
positive,Always have it together!!! You're welcome! RT @VirginAmerica: @jessicajaymes You're so welcome.
negative,@VirginAmerica I like the customer service but a 40 min delay just for connecting passengers seems too long. VA370
positive,@united went to Customer Service kiosk and they were able to help out! Still thanks for following up!
negative,@united 32 people getting pretty tired about no action on solving the problem plus missing a day of vacation and skiing
positive,"@VirginAmerica thank goodness!! Also, see you friday, nwk&gt;sf.. BOOM!"
positive,@united Just sent! Thanks :)
positive,@VirginAmerica this is great news!  America could start flights to Hawaii by end of year http://t.co/r8p2Zy3fe4 via @Pacificbiznews
positive,@united thank you. I flew into Newark from Vail/Eagle.
positive,@VirginAmerica thanks for the free birthday points! y'all are ALL RIGHT with me!
positive,@united thanks
negative,@united our travel booked thru United group dept. Okc ticket agent less than willing to help with our connection in LAX.
positive,@VirginAmerica thanks! Y'all have some of the best customer service left in the industry.
positive,@VirginAmerica ‚Äã is flying from Love to Austin now. That is most excellent news.
positive,"@united Yes, they did. Must have fixed the broken ramp. Thanks!"
negative,@VirginAmerica is anyone doing anything there today?  Website is useless and no one is answering the phone.
positive,@united Thank you for the cheese platter and abundance of entertainment options. Time just flew by.
positive,@united Worked like a charm. Bag was waiting on the carousel when we got to baggage claim. #welldone #goodflight #friendlysky
negative,@united I tried but no one was available in bogota and everyone was rude in Houston. I was stuck for 35 hours because of you guys
positive,@VirginAmerica my goodness your people @love field are amazing under pressure ‚ù§Ô∏èfrom Texas #beatstheothers in crisis Please fly me to NY
negative,@VirginAmerica how come you don't have an iPhone app? Still using and making me waste paper.
negative,@VirginAmerica Use another browser! 2015 &amp
negative,@united - Why can't I get a boarding pass for my Austrian Airlines codeshare flight. Rebook incls a 6 hour layover &amp
positive,@united Thanks for looking into this and for getting back to me via DM. Glad to hear my bag is finally being delivered to me. Thanks again!
positive,"@united not just refunded, but for those of us who are on vacation to get a free room night to make up for making us sleep in DIA"
negative,@united silly I'm flying delta today. Your united club staff and attendants are surly and unhelpful and always seem bothered by pesky folk
positive,@united Hmmm...seems like this could be something to be changed to be more #flyerfriendly.
negative,"@VirginAmerica Hi, I'm trying to do check-in but the website is not working. I tried 3 different browsers and the problem continues"
negative,@VirginAmerica you're the best!! Whenever I (begrudgingly) use any other airline I'm delayed and Late Flight :(
negative,"@united as a 1k, I'm always hoping for improvement."
negative,@VirginAmerica It's fine. Already done with my purchase. But you should try it. Just go most of the way through then go back 3
positive,@VirginAmerica sounds like fun !
positive,"@VirginAmerica is the best airline I have flown on.Easy to change your reservation,helpful representatives &amp; a comfortable flying experience"
positive,@united Just sent a DM. Thank you for the acknowledgment.
negative,"@united nope, they told us it was time for them to go home and to sleep at the airport. Even though they assured us we would get a room..."
negative,@united on 768 to Logan - boarding gong show due to lax carry on enforcement. Bins full of coats = no room for bags. U need a better system!
negative,@united disappointed that u didnt honor my $100 credit given to me for ur mistakes. Taking my business elsewhere  ‚úåÔ∏èout.
negative,@united to speak to a real person to get this resolved politely and efficiently. (2/2)
negative,"@VirginAmerica Hi, Virgin! I'm on hold for 40-50 minutes -- are there any earlier flights from LA to NYC tonight; earlier than 11:50pm?"
negative,"@united I did start a claim but 8-10 weeks is unrealistic, am I really supposed to go that long with out a car seat for my child.Ridiculous!"
positive,@united thank you for following up!
positive,@VirginAmerica of course! I work for @VirginAtlantic and I'm obsessed with the entire Virgin family!!
positive,@united @JMS2802 : outsource it all United Airlines...your customers  are just loving you for it. Outsource. Outsource. Outsource.
negative,"@united well, considering every agent before claimed they were unable to help with everything else, why waste more time to hear 'call corp'"
positive,@united that's exactly the point. It fits. I'm premier access. Boarding group 2. This was a return ticket. I've been doing this for 15 yrs
positive,@VirginAmerica thanks so much!
negative,"@VirginAmerica just landed in LAX, an hour after I should of been here. Your no Late Flight bag check is not business travel friendly #nomorevirgin"
positive,@VirginAmerica Keep up the great work :)
negative,@united Could this email be resent as it doesnt appear to have arrived.
negative,@VirginAmerica  for all my flight stuff wrong and did nothing about it. Had #worst #flight ever
negative,@VirginAmerica Very poor experience. First computer problem now seat malfunction. Stuck. Missing meeting in San Diego.
negative,"@VirginAmerica
wjere is our luggage #so slow at lax"
positive,"@united Thank you but the person in Houston could only get me a flight routing through Newark, NJ and I'm going to SFO"
positive,@VirginAmerica thanks so much for sharing. Just added it to my site http://t.co/TsviBTvT8h
positive,@united I should be fine. They automatically changed my connecting flight for me so I wouldn't miss it. A+ work.
negative,"@united No, I need you guys to not over book planes. It's not a concern, I'll just travel with someone else moving forward."
negative,@united plus what about food? And taxis?
positive,"@VirginAmerica has getaway deals through May, from $59 one-way. Lots of cool cities http://t.co/B2Xi4YG5T8 #CheapFlights #FareCompare"
positive,@virginamerica awesome deals DAL-AUS for only $39 each way! https://t.co/xCVQXYkg49
negative,"@united once he found out we had a problem he avoided me like the plague. Was told ""we can't find a supervisor."""
positive,@VirginAmerica This is such a great deal! Already thinking about my 2nd trip to @Australia &amp
negative,"@united good to know you will open the closed doors for ""premier passengers"" after safety briefings on delayed flights. #annoyed."
positive,"@VirginAmerica not worried, it's been a great ride in a new plane with great crew. All airlines should be like this."
negative,"@VirginAmerica what happened to direct flights from SFO-FLL? Looking in May, only see connecting #help #dontdothistome"
positive,@united has the best customer experience via twitter - huge fan!!!
negative,@united common!! keep your paper work ready and don't delay our flights(#1585)and meetings @ChooseChicago
positive,@united your agents (and service) on my weekend trip have been AMAZING!!! Thank you!!
negative,@united YOU GUYS ARE HORRIBLE.
positive,‚Äú@united: @MelanieSpring We'll see what we can do. ^KN‚Äù We are running! Most of this plane is running. Thanks for the help!
positive,@united I trust you enough to put my coat in my checked bag!
negative,@united The bright side would be keeping the promise that was made to me. Hope you're having a good night. Thanks.
negative,@united Had to explain to a very over eager flight attendant trying to ask about my vision that my @ccicanine was not a guide dog!
negative,@VirginAmerica luggage was severely dented/missing wheel coming off baggage claim in SAN. Luggage agent Miranda (I think) wasn't any help.
positive,@VirginAmerica Thanks! Good times there and back! #Vodkatonics the entire flightüç∏#sfo
negative,@VirginAmerica and it's a really big bad thing about it
positive,@united thanks we'll be in touch!
negative,@united hence why I've been asking for the customer service phone number so I can speak to a real person to get this sorted out
negative,@VirginAmerica my flight (6000) scheduled for 1pm departure still says on time but no plane at gate. Any update on how long of a delay?
positive,@VirginAmerica has the most INCREDIBLE customer service I've ever experienced! So refreshing!
positive,"@VirginAmerica so loyal that I'm driving to #NYC from #PA, to fly Virgin,  since you cut #Philly flights ;)"
negative,@VirginAmerica delayed to10.30!!
negative,"@VirginAmerica mood lighting on pointüôå Reclining my seat, kickin up my feetüí§"
positive,@united thank you!
positive,"@united I will, as soon as I am done with my article.  Thanks!  ~Tom"
negative,@united not yet. I complained about the guy who checked my luggage in as he was throwing the bags around. Unfortunate coincidence I hope?
positive,@VirginAmerica I &lt
positive,@united this is why I fly @SouthwestAir ... Never have any issues
negative,@VirginAmerica Your chat support is not working on your site: http://t.co/vhp2GtDWPk
positive,@united I have 8 flights with you in the next two weeks :) let's make some good memories!
positive,"@virginamerica Well, I didn't‚Ä¶but NOW I DO! :-D"
positive,@united Understood and thanks! I should have tried reaching out sooner.
positive,"@united as a million miler with UA, and flying almost every week I observe gate and flight crews committed to good operations"
negative,@VirginAmerica I cannot even open my laptop in seat 4C and I paid a premium for this?!!   Let me out of here!
positive,@united thank you! Much appreciation for your help.
negative,@united Your website deserves a new design. #html5 FTW!
positive,@united will do. Thanks for the help. Cheers
negative,@VirginAmerica everything was fine until you lost my bag
positive,@United Claudia in IAH terminal b travel assistance has me all set. Great service. Thank you.
negative,@VirginAmerica @VirginAtlantic I have just checked in flight to SFO from LAX &amp
negative,@VirginAmerica Flight from BOS &gt
positive,@united ok. I just submitted. Thanks for the opportunity to give feedback.
negative,@united @UCtraveladvisor - I would have loved to respond to your website until I saw the really long form. In business the new seats are bad
negative,@VirginAmerica hi! i'm so excited about your $99 LGA-&gt
negative,@VirginAmerica  I applied over 2 weeks ago. Haven't heard back and I'm flying this week #disappointed
negative,"@VirginAmerica And now the flight Flight Booking Problems site is totally down. Folks, what is the problem?"
positive,@united Made the upgrade list. Will fly 1st tomorrow (for 40 min) for the first time ever! üôå #StatusMatchPaidOff http://t.co/ATfRKp6goY
positive,@united 1632 was phenomenal frm gate (SEA) to gate (IAD)
negative,@united so you're telling me there is no number to call after being left in an airport because of a negligent pilot and staff?
negative,@united another fail for the United ticket agents in OKC. LESS than helpful and could care less about our problems. American here we come.
negative,.@VirginAmerica I don't understand why you need a DM to give me an answer on if you have a damaged luggage policy.
positive,@VirginAmerica Flying LAX to SFO and after looking at the awesome movie lineup I actually wish I was on a long haul.
negative,@united beginning of Feb I called United they said they would send another voucher by mail. Never got anything. #tiredofwaiting
positive,@VirginAmerica thank you for checking in. tickets are purchased and customer is happy 
negative,@united airlines is the absolute worst. They have no idea what they are doing. #neveragain #UnitedAirlines
positive,@united I wanna be grand staff
negative,"@VirginAmerica our flight into lga was Cancelled Flighted. We're stuck in Dallas. I called to reschedule, told I could get a flight for today...(1/2)"
positive,@united man I can't wait to book my ticket now! Thanks JP you're a life sabe
negative,"@VirginAmerica All of group E was told there was no more room in the bins. when I got on the plane, was room for at least 4 bags in my row!"
positive,"@united Thanks so much , my passport was recovered"
negative,@VirginAmerica my group got their Cancelled Flightlation fees waived but I can't because my ticket is booked for 2/18? Your reps were no help either üò°
positive,@united he is so excellent and so reliable :) #happycustomer
positive,@VirginAmerica come back to #PHL already. We need you to take us out of this horrible cold. #pleasecomeback http://t.co/gLXFwP6nQH
positive,@united My favorite way to travel! Thank you! http://t.co/vGN2X1ckg0
positive,@VirginAmerica Dad on Segway is the best part of this whole infographic!
positive,@united look at this beauty üòâ dc 10 united airlines üòâ http://t.co/MvYoizRPdE
positive,@VirginAmerica got it squared away. Someone picked up as soon as I tweeted. Should have tweeted sooner. üòâ
negative,@VirginAmerica I have no interesting flying with you after this. I will Cancelled Flight my next four flights I planned.#neverflyvirginforbusiness
positive,"@VirginAmerica thank you for the easy itinerary shift for impending weather. Quick, painless &amp; free."
positive,@united thank you
negative,"@united according to your DMs, I'm not owed a refund. please may I be provided with a contact number before I go to my bank to file claim"
positive,@united for the record- Rozana at Newark was lovely and helpful. #choosekind
positive,@united kudos for not Cancelled Flightling flights from DFW this morning.   United usually first to panic...
positive,@united he has no priority and Iove it
negative,@VirginAmerica you are failing your customers because your check in process does not link to TSA pre-check.
negative,@united 1k and had problem getting out of FLL to IAH  sent DM to you about making my connection  please let me know
positive,"@united oh, the Wi-Fi router is on top of the fuselage! ;)"
positive,@united thanx so much. You followed through and emailed me a $1000 ticket voucher. #unitedairlines they do care
positive,".@VirginAmerica not only was it great, but you return my calls the day after. Couldn't ask for more. #myVXexperience"
negative,@united what is that going to do for you? Nothing just like you always do
positive,@united I left my comment with customer care. Thanks for contacting me.
positive,@United I'd like to thank and recognize Terri P at Dulles for going out of her way to get me back on my Raleigh flight
negative,@VirginAmerica Comenity Bank is a joke!  Please change.  Nothing but constant problems with this bank
negative,@VirginAmerica @ChrysiChrysic your assistance yesterday when u Cancelled Flightled our flight was to give us a hotel hotline  Shame on you!
positive,@united Kurt and the crew on UA1745 were amazing today. They made my son's birthday with their kindness. Hope to fly with them again soon!
positive,@VirginAmerica Giants and Virgin America. A match made in heaven.
negative,@VirginAmerica question: is it not possible to book a seat for an infant under 2? It's not giving me the option but we want a seat for him.
positive,@united Very impressed so far. An app that's worth a damn and sms updates on my flight.
positive,üòé RT @VirginAmerica: You‚Äôve met your match. Got status on another airline? Upgrade (+restr): http://t.co/RHKaMx9VF5. http://t.co/PYalebgkJt
negative,"@united This ALWAYS happens with you guys, and it makes traveling incredibly stressful and uncomfortable. Is that good business to you?"
positive,@VirginAmerica cutest salt and pepper shaker ever. Just when I think you guys can't get any better you just do! http://t.co/vC6Keulg2J
positive,@united another awesome new plane flight 1584 and extremely nice Captain Steve Connolly.
positive,@united Thanks!
positive,"@united Wow. What a deal. Again, 30+ plus seats available. Easy change to make a customer happy."
negative,@VirginAmerica can‚Äôt access your website from Safari on iPhone 6. Seems to work on Mac and iPad. Need iPhone to add Passbook.
negative,@united Not sure what you are talking about. She is going on nonstop flights. SNA to SFO and then SFO to EWR.
negative,"@united Gate agent hooked me up with alternate flights. If you have a way to PREVENT the constant issues, that would rock."
negative,"@VirginAmerica While other airlines weren't Cancelled Flighting flights into BOS, and helping their customers get home, Virgin was saying Good luck!"
negative,"@united yes please! I am newly married and trying to update my last name on a preexisting international flight! It seems so easy, but..."
negative,@VirginAmerica shame on VA for making people spend money in stranded cities when other airlines are landing at JFK! Who will reimburse me?
positive,I ‚ù§Ô∏è flying @VirginAmerica. ‚ò∫Ô∏èüëç
negative,"@united I asked a legitimate question about systemwide vs. localized problems, and got back an unreLate Flightd copy/paste. You can do better."
positive,"@VirginAmerica @freddieawards Done and done! Best airline around, hands down!"
positive,@united I see. Thanks for explaining.
positive,@VirginAmerica Only way to fly! #Elevate #Gold
positive,"@VirginAmerica, you're doing a great job adding little luxuries/aesthetics that improve the air travel experience. Thank you. Keep it up!"
negative,@VirginAmerica current bug on website shows ‚Äòselect departure city‚Äô when selecting destination city http://t.co/SLLYIBE2vQ
negative,@united still no refund or word via DM. Please resolve this issue as your Cancelled Flightled flight was useless to my assistant's trip.
positive,@VirginAmerica Like http://t.co/VPqEm31XUQ
positive,.@united Thanks. Hopefully this is easily resolved.
negative,"@united iah to charlotte. Baggage claim rep latrice h. #customerservice non existent, Ignored customer then inappropriately touched customer"
positive,@united just wanted to let you know how wonderful Rosetta the gate agent was working flight 6457 Dan to Ase. Let her know she wasappreciated
negative,"@united ..back for the expensive holiday, he worked all year to pay for, that you RUINED! We want compensation &amp; his original case back!"
positive,@VirginAmerica happy to spend the day together. Let's do this!
positive,@VirginAmerica OMG FINALLY
negative,@united completed form but doubt it's any use. UA doesn't care. 6 day vacation will now be 5. Sure UA won't feel responsibility for that...
positive,@VirginAmerica when are you putting some great deals from PDX to LAS or from LAS to PDX show me your love! http://t.co/enIQg0buzj
negative,@united ok it's now been 7 months waiting to hear from airline. I gave them quite a bit more than the 30 days requested! Terrible service
positive,@united this flight has been amazing. This is the best flight I have ever been on I am not kidding. Service is INCREDIBLE!
negative,"@united tried calling too, but w/25 min phn wait means we'd miss options anyway"
negative,@VirginAmerica You guys charged me $100 to reschedule a flight that was then Cancelled Flighted and are now refusing to refund it. What's the deal?
negative,@united you are offering us 8 rooms for 32 people #FAIL
positive,@united @reebok @rockinwellness @ Denver International Airport https://t.co/tKVmHBkeC3
positive,‚Äú@united: Looking for a reason to travel? #quote http://t.co/GGuIg3t28z‚Äù
negative,@VirginAmerica there is something wrong with you website in Safari iPhone
negative,"@VirginAmerica my luggage is gone. I've filed my paperwork, promised a call/email. Still no resolution or response from central luggage."
negative,"@united customer service is atrocious! You have disrupted my travel plans, you have lost my luggage and it is impossible to TALK TO A HUMAN"
negative,"@VirginAmerica I rang, but there is a wait for 35 minutes!! I can book the same ticket through a vendor, fix your site"
positive,"@VirginAmerica thanks for that. Been needing a way to make those Austin trips from DCA, and now you've come through!"
negative,@united I take back the comment about your team here working hard to help us A so far no solution for a hotel or food or anything #fail
positive,@VirginAmerica Your planes are really pretty. Just thought u should know that. :)
positive,@united thanks ... not sure arranged move to the earlier flight but I'm at the gate with a seat assignment.  Super nice agent at gate C4 ORD
positive,@United Wanted to compliment ur phone agent Jeanette for reFlight Booking Problems RDU to SEA thru SFO after connecting flight thru EWR was Cancelled Flightled.
positive,"@united thanks, we did."
negative,@VirginAmerica what is going on with customer service? Is there anyway to speak to a human asap? Thank you.
positive,@united will do. Just need to get CVG.... and my bag too. Thanks
positive,@united Thank you. Took care of everything and made it right. That's the experience I'm used to. Opened the app to find flight changed.
negative,@united what time? Who can I call. I need my skis. I will go to the airport and get them. No more faith in United.
negative,@VirginAmerica I was really looking forward to my flight. can you let me know when it will be rescheduled? #diehardvirgin
negative,@VirginAmerica amazing to me that we can't get any cold air from the vents. #VX358 #noair #worstflightever #roasted #SFOtoBOS
negative,@united service so far has been horrid. We wanted to end the trip on a high note. Guess that's not an option.
negative,"@united at its worse. Can't figure how to pack plane, screws up connectns then claims no hotl rooms in San Fran for stranded pax. Way to go!"
negative,"@VirginAmerica is todays flight from Palm Springs, Ca to JFK in NY Cancelled Flightled?"
negative,@united I'm seeking to go 2 client. B/c u cant get me there I need refund. I filled out form not confident it works if past is an indication
positive,@VirginAmerica #thankyou the DAL-AUS route makes my day!!!!
negative,@VirginAmerica Do you guys know your check-in links from emails are broken? http://t.co/2npXB6oBMr
positive,@VirginAmerica completely awesome experience last month BOS-LAS nonstop. Thanks for such an awesome flight and depart time. #VAbeatsJblue
negative,@United flight delayed-no one remembered to turn the heat on flight 559 leaving ORD-seriously???
negative,"@united Thanks; might want to fix this line: ""Our Customer Care team is currently responding to most inquiries within 7-10 business days."""
positive,@VirginAmerica thank you! See y'all soon! I'm excited to see the expansion of destinations. Spread those wings!
negative,@united why no preferred security line anymore. My TSA pre-check didn't pull on my @SilverAirways partner flight! #Platinum #spoiled
negative,@virginamerica What is your phone number. I can't find who to call about a flight reservation.
positive,"@VirginAmerica first time flying Virgin, went to #SanFrancisco .Thanks for the smooth ride. Easily my new fav airline!"
negative,@united Mobile boarding pass disappeared from phone while standing in line to board. Second time this week... Hmm.
positive,@united thanks for updating me about the 1+ hour delay the exact second I got to ATL. üôÖüôÖüôÖ
negative,@united Thanks for the lack of help and the canned response from the 1K desk!
positive,"@VirginAmerica - amazing customer  service, again! üíïüíï RaeAnn in SF - she's the best! #customerservice #virginamerica #flying"
negative,@united When will email address/username sign-on be available? It's been a while.
negative,"@VirginAmerica your mobile site is broken, shows 
""{{header.elevateUser.numOfPointsAvailable || '0' | number}} Points"", won't let me checkin"
positive,"@united been solved,  they finally picked up the second time I called,  thanks for the response JH!  7:21 to dulles works!"
negative,"@united for an early flt, I think a call is appropriate. Yes, reviewed and nada avail until next day. Expect full refund"
negative,"@united By the way, a simple apology goes a long way, even if it's a hollow one. It's obvious that you don't care about me or my well-being,"
positive,"@united has unrivalled access to #California with flights to the U.S. from 7 UK airports, with nonstop or one-stop connections year-round"
negative,@VirginAmerica your website sucks donkey dicks. Just thought you should know. All best.
positive,@VirginAmerica I was so glad it was mentioned. I took my first virgin flight a few years back and it was a transformative experience.
positive,@united and to add to my earlier tweet. This was my daughters 5th Bday present. Thank you for the hard work and making it happen.
negative,@united The agent that met us at the gate said any issues w/delays on UA1116 would have to be taken up online...
positive,@united would love help getting there today. In #EWR now. Will take any airline and connections. Thx
negative,@united So what does someone with severe anxiety do when the one person who can help him isn't next to him?
negative,@united Shame that there's no flex to tickets transfer rules.  Even calling from Neurosurgery ICU isn't enough!
positive,"@united After an hour+ wait, my issue is resolved. I did contact customer service to comment on the wait time. Thanks for contacting me."
negative,"@VirginAmerica - the passenger in 7D, Flt 338 that assaulted me shouldn't have flown. I trust he's banned. Crew filed report to @FAANews"
positive,"@united - thanks for your help...got me what I need, but its an issue with @_austrian . I guess I sit awhile longer."
positive,@united great flight into PVD. Smallest plane I have ever been on and smoothest landing ever!
positive,@united Big thanks to Ms. Winston for assisting me over the phone with a baggage claim issue today. She really went the extra mile!
positive,"@VirginAmerica yes, nearly every time I fly VX this ‚Äúear worm‚Äù won‚Äôt go away :)"
negative,"@VirginAmerica Hey, first time flyer next week - excited! But I'm having a hard time getting my flights added to my Elevate account. Help?"
negative,@united Lost bag process is broken. Agent promised they'd call &amp
negative,@VirginAmerica Your back of seat entertainment system does not accept credit cards that  have an apostrophe in the surname. #apostrophefail
positive,@united I JUST ASKED MY BOYFRIEND TO PROM OVER THE LOUDSPEAKER ON FLIGHT 494 HE SAID YES!!!! BEST DAY EVER!!! THANK U SO MUCH!!!!!!
positive,@united Pleased to be a Premier Platinum
positive,@united thank you. Been trying for two days to set this up.
positive,@united Thank you!
negative,@united I flew back w other company since United didnt have an earlier flight
negative,@VirginAmerica hold times at call center are a bit much
negative,@United. What's going on with UA 236?  outbound flight last thurs was delayed 4hrs How long will this delay be? #worst2unitedflightsever
negative,@united if I pay you $25 and $35 for my luggage to be delivered when I arrive. Why should I have to wait 3 additional days for its delivery?
negative,@united ua1673 still waiting! Supposed to depart 9:08
negative,@united does this process ever end? Still waiting for the reply since 2 months #pathetic #customerservice
positive,‚Äú@VirginAmerica: @KarinSLee Of course. Have fun celebrating!‚Äù Thanks! Happy Chinese New Year!
positive,"@united ""Airport snow removal method #22...""
Keep up the good work folks, this is where Cessna's become 747's! http://t.co/9v8tMUsJvU"
negative,"@united thats weak. See ya üëã
Hey @VirginAmerica !!"
negative,"@VirginAmerica got a flight (we were told) for 4:50 today..,checked my email and its for 4;50 TOMORROW. This is unacceptable."
positive,@united wow you even answered back!  Awesome! @AmericanAir @USAirways That's customer service!!! #usairwaysfail
negative,@united #worst2unitedflightsever UA1429 IAD to LAS 2/19 mechanical problems - switched aircraft delayed 3.5 hours!
positive,@united thanks
negative,"@united also during the run I was instructed to do, I shattered my computer. http://t.co/oAflfr7WXB"
negative,@united we were not given the option of using our United TravelBank in a recent Flight Booking Problems! Any help in using or recouping these funds? Thanks!
positive,"@VirginAmerica love it, taking @SouthwestAir on in their backyard! Consumers win when biz competes."
positive,Very quick! TY. @united: @auciello I am sorry to hear this. Can you please follow and DM me the details of what transpired? ^JH
negative,@VirginAmerica flight 404 delayed 2 hours in LA due to mechanical problems. Handle like pros but you could have tossed us a free drink.
positive,@united Thank you for responding so quickly with a helpful tool! @dustyob
negative,@VirginAmerica why are your first fares in May over three times more than other carriers when all seats are available to select???
positive,@VirginAmerica thanks guys! Sweet route over the Rockies #airplanemodewason
negative,"@VirginAmerica should I be concerned that I am about to fly on a plane that needs to be delayed due to a ""tech stop""?"
positive,"@VirginAmerica it was amazing, and arrived an hour early. You're too good to me."
positive,"@united hi JP, with the help of an awesome TSA representative, I was able to get it all taken care of. Thank you!"
negative,@VirginAmerica why must a traveler miss a flight to Late Flight check a bag?  I missed my morning appointments and you lost my business. #sfo2lax
negative,@VirginAmerica your airline is awesome but your lax loft needs to step up its game. $40 for dirty tables and floors? http://t.co/hy0VrfhjHt
positive,@VirginAmerica twitter team. you guys killed it for rescheduling me asap. thank you!
negative,@united just 1 last thing. U guys shouldn't be charging $ for drinks on a transatlantic flight
positive,"@united This is probably the least dependable airline in the Western Hemisphere. @united does not belong in Star Alliance, but SkyTeam"
positive,@united Resolved. Over hour of work on  ground &amp
negative,@VirginAmerica trying to check-in...but looks like your site is down?
positive,@VirginAmerica hahaha üòÇ@VirginAmerica YOU GUYS ARE AMAZING. I LOVE YOU GUYS!!!üíó
positive,@united These are great fares!!!!!
positive,@united I was sincerely thanking the pilot of flight 4461 of braving the snow and getting me home amongst many other Cancelled Flightlations.
negative,"@VirginAmerica can't check in, your site looks like this every time it loads http://t.co/kAcY2AwDbW"
negative,"@united It's an incredibly easy fix, but you would rather stay in your comfort zone, while I get forced out of mine."
negative,@VirginAmerica How do I reschedule my Cancelled Flightled flights online? The change button is greyed out!
positive,@VirginAmerica Thanks!
positive,@united thnx for the info
negative,@united 2nd flight also delayed no pilots! But they boarded is so we can just sit here! #scheduling
positive,"@VirginAmerica love you guys, but pls get some direct routes LAS to AUS!"
positive,@united flight 1491...plane from SFO to DEN is basically on time.
positive,@VirginAmerica you have amazing staff &amp
negative,@united Luckily I made my flights this time but was so disappointed with the lack of communication :(
positive,@united Terrific. Many thanks. Looking forward to being back on UA tomorrow. Had a great flight up to Vancouver.
positive,@united thanks
negative,@united seriously #fail on making strangers share a room
negative,@VirginAmerica I requested a mileage challenge for status several weeks ago online but haven't heard back. How do I get help with this?
positive,@united just confirmed a seat! Crisis averted! Beers won't be missed now
negative,@VirginAmerica you stink. Flight Cancelled Flighted from PSP to JFK and no notification or ability to rebook #disappointed.  #expected better
negative,@VirginAmerica #wtf I paid for direct flight on purpose not to have to stop for fuel exhausted frequent flier and nothing for inconvenience!
positive,@united thank you for taking care of my mom and reFlight Booking Problems her flight in phl.
positive,@VirginAmerica Congrats on winning the @Travelzoo award for Best Deals from an Airline (US) http://t.co/kj1iljaebV
negative,@united not able to DM you my confirmation number
positive,@united thx for update
positive,@VirginAmerica I love this graphic. http://t.co/UT5GrRwAaA
negative,@united Yo yo yo stuck on the tarmac for over 2 hours at @fly2ohare ... Going to miss my ride at @flypdx help please! #HelpImStuck #United
negative,"@VirginAmerica lost my luggage 4 days ago on flight VX 112 from LAX to IAD &amp; I'm calling every day, no response.Please give me back my stuff"
positive,@VirginAmerica thank you! I absolutely will üòé
negative,@united AND my luggage has been broken!! #youcouldntmakethis up #brokenwheel
positive,@united Thanks for the update.
negative,"@VirginAmerica why Cancelled Flight flight VX413? One sec its delayed, on my to airport, the next its Cancelled Flightled?Gonna email or call me to reschedule?"
negative,"@united I hadn't filed a refund claim as I was told there was no charge by your DM. This is disputed by my bank, hence why I would like(1/2)"
negative,@united flt 1249 Cancelled Flightled and I get email @3:30 AM? What happened to courtesy phn call? Had to book diff airline &amp
negative,@VirginAmerica Because we never rec'd Cancelled Flightlation notice we were left w no options to fly out of PS. Driving to LA for a red eye Mon w kids
negative,@VirginAmerica currently in minute 10 of being on hold with cust. service. Do I need to do anything to add a lap child to my reservation?
positive,@VirginAmerica @JezzieGoldz would have been a rough trip but LUCKILY we were on a #virginamerica flight. #weather
positive,@united thank you.
negative,@United I have no way of making phones calls... Need to handle via Twitter/email/web. Thank you!
negative,@united So they didn't drop my bag overnight &amp
negative,@united crashed trying to check in.
positive,"@united flight ua3576, gate b1. And tell ray I somehow made it on to the 736 flight out of IAH and didn't have to wait for the 917 one. :)"
positive,"@VirginAmerica For my Grandma Ella's 80th, she would &lt;3 a bday greeting from your flight crew! She was a stewardess for Eastern Airlines."
positive,@united follow me please this airline is beautifull ‚ô•
positive,@VirginAmerica you guys are perfect as always! &lt
negative,@united can you ask your guys with flight 1146 to BWI to wait for us to get off a delayed flight from San Diego? Pretty please?
positive,@VirginAmerica had me at their safety video . . . http://t.co/CqMm7nuE9m  LOVED my first cross country flight. #livewelltraveled #sytycd
negative,@VirginAmerica Sent a couple messages to the email you provided but to no avail. Will try again next year. Cheers.
positive,@united despite my bag not making it to Newark good informative email tracking updates help!
negative,@VirginAmerica SFO-PDX schedule is still MIA.
positive,@VirginAmerica would love to do more for virgin just like I do for @GoPro
positive,@VirginAmerica Thank you for the follow
positive,@united bummer but thank you for the quick response
positive,@VirginAmerica wow this just blew my mind
negative,"@united It's still a valid flight. Just seems strange to delay for Late Flight inbound crew,  7 hours from now, when the plane is already here."
negative,@VirginAmerica Why is it taking 12 years to fly home to Dallas? Get your shit together.
negative,@VirginAmerica Is it normal to receive no reply from Central Baggage #baggageissues #smh
positive,@united Thanks for the upgrade- please try to get my company to approve more business class travel.
positive,@united just did! Thank you!
negative,@VirginAmerica is the website down?
positive,@VirginAmerica Very nicely done. üëè
negative,"@united better train your support staff with appropriate decorum, consider revisiting your terrible ""provide a death certificate' policy"
positive,@VirginAmerica thank you
positive,"@united thanks, just sent :)"
positive,@united No problem just follow me back so I can! Thank you!
negative,"@VirginAmerica As one of the travelers affected by the Boston storm, I'm shocked at Virgin's complete apathy toward their customers."
negative,@united A measly $50 e-certificate is not how you appreciate loyal customers after they wait 3hrs on the tarmac during UA1116. #unacceptable
positive,@united worked out after all. Thanks for your immediate reply!!
positive,@VirginAmerica you will match my #AmericanAirlines status? Cool!
positive,@VirginAmerica I love the dancing little richard. cool beans.
positive,@VirginAmerica now it's just t-minus 32 minutes until my Elevate a Silver upgrade window opens . #FreeNeverSucks üòÉüëç
negative,@united Your ERI-ORD express connections are hugely popular .. now if only we could have an ERI-EWR hop! :)
negative,.@VirginAmerica does that mean you don't have a policy for destroyed luggage?
positive,@united thank you for the help!!
positive,@united I am - thank you!
negative,@united Thanks for remembering to load my bag onto my connecting flight. Oh wait you forgot. Iceland should be fun with no clothes....
negative,@united yea get me to phoenix already. Delays all day with you people. It's bullshit.
positive,@united I flew United last month and the experience was AWESOME!
negative,@VirginAmerica all crap channels which is why I pay to watch UK tv
negative,@united 4 passengers after a 2 hour delayed flight left with no hotel at the end of the night @ hou airport. Wtf??!! http://t.co/ZfqMpGXVS6
positive,@VirginAmerica plus you've added commercials to the experience... tacky.
positive,"@VirginAmerica Thanks so much for the awesome support, you guys rock!"
positive,@united Thanks for taking care of that MR!! Happy customer.
negative,@VirginAmerica I like the TV and interesting video . Just disappointed in Cancelled Flightled flight when other flights went out to jfk on Saturday .
positive,@united nope all set. Thx for checking.
negative,"@united ok. To top things off, you've lost my luggage. Could you get ANY worse??? #UnitedAirlines"
negative,@united mobile apps need construction from the ground up for each OS category.  It's expensive to get right .
negative,"@VirginAmerica seriously, though. will there not be direct flights from SFO-FLL in may???"
positive,@VirginAmerica I am all about the in flight artisanal cheese and wine pairing.
positive,@united love the new 1st class breakfast!
positive,@united is my favorite airline.
negative,@VirginAmerica too bad you say it takes 10 to 14 days via YOUR confirmation email. When I inquired after 3 weeks you claim 6 to 8 weeks!
negative,@united that's unfortunate. The @Tumitravel was an xmas gift and it looks like a razor ripped right through the front pocket in the picture
negative,"@VirginAmerica awaiting my return phone call, just would prefer to use your online self-service option :("
negative,@united Booked a flight home over 7 months ago and requested seats together for my fianc√©e and I. We got 2 middle seats. UNACCEPTABLE. The
negative,@united #Newarkliberty Airport need to indicate different gate#'s for terminals A&amp
negative,@VirginAmerica started my flight with a scolding for using an overhead bin that was then offered to the person seated next to me.
negative,"@VirginAmerica a lot of ""apologies"" being thrown out to customers from what I can see.Very sad. Thanks for nothing. Worst airline ever."
positive,@united thank you. Literally called for preboarding as I ran up.
positive,@VirginAmerica How about some free drinks on the flight back for the free promo?
positive,@VirginAmerica @SSal thanks!
negative,@virginAmerica Other carriers are less than half price for a round trip fare. I am stunned. http://t.co/UKdjjijroW
negative,@VirginAmerica When will VX use all 6 LGA slots instead of 4 today? Adding AUS makes this less likely :(
positive,@VirginAmerica Have a great week üåû‚úà
positive,"@VirginAmerica , am I dreaming? Did you really just open up a route between Dallas and Austin?! And does this mean Houston might be next?"
positive,@united thanks for leaving our 3 year old in his own row flight 360 LAX-IAD
negative,"@united v upset with your disability  ""services"". When I told one of your employees I was carrying medical equipment she was very rude."
positive,@united Thank y'all for being an amazing airline who knows how to treat their customers. you guys rock!
positive,@united cldnt be happier w the many plastic wing pins given to me on flight 494. I love them! Amazing staff! So nice http://t.co/CbV7f3KBKx
positive,@united you are one great airline ‚ù§Ô∏è
negative,@united why would they make me share a room?
positive,@united such a relaxing space for a drink before my flight! (at @United Global First Lounge) https://t.co/j4cj0lrF2d http://t.co/dTLGUQ1kAk
negative,"@VirginAmerica it's really aggressive to blast obnoxious ""entertainment"" in your guests' faces &amp; they have little recourse"
negative,@VirginAmerica having problems Flight Booking Problems on the web site. keeps giving me an error and to contact by phone.  phone is 30 minute wait.
negative,@VirginAmerica Can I get some help with a support ticket? It's been 15 days.... Incident: 150202-000419 Thank you!
positive,@united But thanks for asking
negative,@united Delayed due to lack of crew and now delayed again because there's a long line for deicing... Still need to improve service #united
negative,@VirginAmerica Just DM'd. Same issue persisting.
positive,Thank you ‚Äú@united: @TRUU_Tall I can certainly take a look. Please follow and DM me your confirmation number for assistance. ^JH‚Äù
negative,@united thnx for quick reply but don't think you can assist. Our intl grp will be put to considerable inconvenience today.
negative,@united LHR arrival lounge #fail. Waited 20 mins for shower then left to find hotel. U know how many passengers u carry. Planning???
negative,@VirginAmerica your site is tripping. I'm trying to check in and I'm getting the plain text version. I am reluctant to enter any card info.
positive,"@united Thanks! LOL! #UA6259 will wait for us. Per @flightaware, same tail number as #UA5525 :)"
positive,@VirginAmerica you know it. Need it on my spotify stat #guiltypleasures
positive,@united you have a guy named Otis at ORD that knows what #customerservice is. he was able to get my bag to me. I upgraded just to be sure
negative,@VirginAmerica You have any flights flying into Boston tomorrow? I need to be home and you Cancelled Flightled my flight and didn't do anything
negative,@united I will not be flying you again
negative,@united you guys need some serious training in customer service. Too many better options to put up with the way you guys handle ur mistakes
positive,@united Every United flight between Saipan and Guam is an adventure! You never know when @CapeAir's old plane will be operational :)
negative,@VirginAmerica FYI the info@virginamerica.com email address you say to contact in password reset emails doesn't exist. Emails bounce.
positive,@united I am impressed with your super-fast reply to @CGJase
positive,"@united Wasn't frustrating! Well, not in any way reLate Flightd to y'all, anyway. Impressed that I made it."
negative,@united But they are not... lady one phone says its in tel aviv. Tel Aviv united says its in Newark. No one knows and I have nothing...
negative,"@united Ice, which I totally understand. But when a large number of us are facing 15+ hours of time and overnight Cancelled Flightations it seems like"
positive,"@united this will definitely be a trip to remember EWR-STI second of the season, first on seat 35A because it pays to be loyal!"
negative,@VirginAmerica Man of steel flies to more cities though...and with more frequency too.
negative,@VirginAmerica on VX399 from JFK to LA - dirty plane - not up to your standards.
negative,@united I'm so frustrated and nervous because of this.
negative,@united ours in July. You have ZERO excuses for this. You have an out-of-date system that causes problems like this.
negative,"@VirginAmerica Funny story, your website is broken, you have missing javascript and stylesheets on the checkin process. I dislike this!"
negative,@united just flew to #TelAviv paid $100 from a third suitcase which didn't even make it on the plane! Besides for the impolite service...
negative,@united thanks United I understand that. But he would actually like his own bag back! What have you done with it?! He also wants the money..
negative,@VirginAmerica The Flight Booking Problems section of your website seems to be broken on Chrome. Might wanna look into that.
negative,@united Everyone around us is sitting with their friends and family members. They booked their tickets in October and December. We bought
positive,@VirginAmerica I'm sure a lot of your 747 and 777 JFK-LHR flights go a lot faster than 513mph with a strong tailwind.
positive,@VirginAmerica I‚Äôm looking forward to watching the Oscars on my flight home tomorrow. I might even get something bubbly to drink! 
positive,@united Life goal: complete ‚úîÔ∏è
positive,@united amazing hospitality and helpfulness from Anthony Lastella. Great staff üëèüëèüëè‚úàÔ∏è def flying #united again.
positive,"@united we got it, thanks."
positive,@united thanks gate agent extraordinaire Seau Fong for helping me get re-booked out of Boise and (hopefully) home to NYC sometime tonight!
positive,@united flew from sdf to ATL to Tampa on Delta. Left early. Arrived early. Crew helpful. Wifi worked!!
negative,"@united why am I to believe they will help when customer service couldn't? Like I said, I want a number to someone who can fix what you did."
positive,@united traveling with @MegZezzo who is injured. Gate agent in Chicago was awesome helping her. TY #roadwarrior
positive,@united Rhonda C. at Atlanta airport redeemed you guys. She got us straightened out.
negative,@united we needed them here asap. Will they make it on today's flight?
positive,@VirginAmerica Hi! Just wanted to see if you have any new routes planned this year for Newark. Love flying you guys and hope to do so more!
positive,"@united on 2/20 Denver AP, gate B91 (destination Santa Fe), agent Ashley did an amazing job in the face of an angry traveler. Kudos."
negative,@VirginAmerica why Cancelled Flight flights today? No precipitation to be scared of!  ‚ùÑÔ∏è‚ùÑÔ∏è‚ùÑÔ∏è
positive,@united can Cancelled Flight my flight anytime if this is where they keep me for the night.. http://t.co/avRTOWTyzk
negative,"@VirginAmerica Is it me, or is your website down?  BTW, your new website isn't a great user experience.  Time for another redesign."
negative,@VirginAmerica I am deeply disappointed that your birthday promo was not applied to a trip I booked mere days before I received the email
positive,@VirginAmerica you have the absolute best team and customer service ever.  Every time I fly with you I'm delighted.  Thank you!
positive,"@VirginAmerica I adore you, and am so looking forward to my flight to Austin in two weeks."
negative,@United well sitting on the ground 'on time' but waiting for a gate....again #tiredofthis
negative,"@united well, you can't fix me missing my buddies 30th bday because of negligence but you can attempt to make up for it."
negative,"@VirginAmerica I spoke with a representative that offered no solution, I am a loyal customer who flies on @VirginAtlantic as well"
positive,"@united They let us know in advance of the reboot, yes :) Thanks for the attentiveness!"
negative,"@VirginAmerica Trying to reset my password, email never arrives. Help?"
positive,@VirginAmerica @ladygaga @carrieunderwood  love all three but you really can't beat the classics!
negative,@VirginAmerica soooo are you guys going to leave the seatbelt light on all flight? You can barely call this turbulence :-)
negative,@united #worst2unitedflightsever UA 236 LAS to IAD 2/24 mechanical problems again - took off - had to land for fix - delayed again #wtfodds!
positive,@VirginAmerica So excited for my first cross country flight LAX to MCO I've heard nothing but great things about Virgin America. #29DaysToGo
negative,@virginamerica Trying to make the change in advance (not just 24 hours prior)‚Ä¶tried it online earlier and it wanted $300 in change fees.
negative,@VirginAmerica your no Late Flight bag check just lost you my business. I missed flight and AM apt. Three other people on flight had same exp.
negative,@united wont transfer flight ticket to accompany an 11 yr old who's active military mom had to have emergency brain surgery? WOW!!
negative,@united it's highly unprofessional for you to overbook a flight by 12 seats &amp
negative,@VirginAmerica sad to learn you no longer fly SFO &gt
negative,@VirginAmerica I called a 3-4 weeks ago about adding 3 flights from 2014 to my Elevate...they still haven't shown up...help!
positive,@united thank you for flying me out of the mess at IAD and out to San Diego. http://t.co/tlPBaupIk5
positive,@united thanks for the reply.  If you can get me a better seat on my next leg to Munich. That would be nice.
negative,@united I'm not a child. I'm someone who has an issue with flying and prepares ahead of time to reduce the distress caused by planes. You
positive,@united that's brilliant Thankyou so much. Is it classed as part of carryon?
positive,@united thank you for listening to my compliant and doing the right thing. I appreciate you working with me
positive,@VirginAmerica thanks to your outstanding NYC-JFK crew who moved mountains to get me home to San Francisco tonight!
positive,@united THANK YOU!
negative,@VirginAmerica @FiDiFamilies us too! Terrible airline! Just gave us a hotel hotline number and said sorry
negative,@VirginAmerica why can't you supp the biz traveler like @SouthwestAir  and have customer service like @JetBlue #neverflyvirginforbusiness
positive,@united you're my early frontrunner for best airline! #oscars2016
negative,@VirginAmerica Your website is down and I'm trying to check in!
negative,@VirginAmerica Umm so no reason as to why this is? Is there someone different I should contact (or contact me) to get a definitive answer?
positive,@united it was such a lovely part of this long day - attendants on UA5168 (most) /UA795 were beyond exceptional today. #GiveThoseLadiesRaise
negative,@united how does it get Cancelled Flightled 10 hours before take off?
negative,"Hey @united why does the flight from IAH to POS leave so Late Flight, and the one back to IAH so early? I rather get to POS earlier"
positive,@united thank YOU for your kindness. Your agents went above &amp
positive,@united finally got through and they were very helpful. Appreciate it!
negative,@VirginAmerica kinda sucked my earphone jack didn't work on my flight. They may want to look into that for future passengers
negative,"@united if the car seat is lost @united should just reimburse me for a new one, this is not a pair of shoes, it's a necessity for my child"
negative,@united it was UA flight 1001! Now I'm currently stuck in Portland because I missed my ride because of the 3 hour delay. #GetMartyHome
negative,@united What's going on with your website? I'm Flight Booking Problems three tickets today and I've been booted off the system umpteen times.
positive,@VirginAmerica ok! first time flying with you tonight :)
negative,@VirginAmerica heyyyy guyyyys.. been trying to get through for an hour. can someone call me please? :/
positive,@virginamerica #flight home to #dc #sunset #globe in' #backtowinter back to #work! #refreshed http://t.co/VX9vBCTdLf
negative,@VirginAmerica why can't we book seats on your flights when we buy them or even during check in? Creates so much anxiety! #frustrated
negative,"@united @simonroesner you'll need to upgrade the seats too, even in economy plus it's like sitting on a concrete bench."
negative,@united Well the bar is set low! You guys are really good at the apology game! What will change? When will u guys learn?
positive,@united @suntoshi I still like you united airlines
negative,"@united again I ask, who can I call to get this fixed? Tweeting me BS questions to stall only makes things worse. Phone number please."
positive,@VirginAmerica I'm #elevategold for a good reason: you rock!!
negative,@united what's the point of asking for details about a #servicedog when you book if your flight crew doesn't read them? (Continued)
positive,@united private jet would have been cool! Do does not work. I'll try again
positive,@united thanks. Just a program comment
positive,@united great to hear Thankyou so much. Greatly appreciate your replies. Feel much more settled now.
negative,@united agent split up my reservation? Now can't Cancelled Flight and refund credit for 2wks? Why
positive,@VirginAmerica I luv ur people and product! 1 thing is y do u charge for herbal tea but not black tea? I'm not a caffeine drinker
positive,@united 732 from Denver. We just boarded! Fingers crossed we get into the air!!!
negative,@united about 3 hours ago. I need to work out if my bag can make it to my hotel here in time or if it will need to go elsewhere.
negative,@VirginAmerica I'm trying to check into my 10:50AM CT flight tmm on the desktop website and it's not working (some sort of caching bug) SOS
positive,@VirginAmerica awesome. I flew yall Sat morning. Any way we can correct my bill ?
negative,"@VirginAmerica I tried that. You offered to charge me an additional $1k for a new ticket or be stranded until Thurs. 1st time, last time."
positive,@united Thanks to Karen Salisbury at IAH for amazing customer service!  Found my daughter's bag lost on UA1516.  Made her day!
positive,@VirginAmerica You have the best flight attendant ever!!! http://t.co/PxdEL1nq3l
negative,"@VirginAmerica help, left expensive headphones on flight 89 IAD to LAX today. Seat 2A. No one answering L&amp;F number at LAX!"
negative,@united Blackmailed me into paying ¬£130 extra or having my return ticket nullified in San Francisco Airport. Terrible service from rep #scam
negative,@united did our bags leave Washington yet? That would be convenient seeing as we left there a day ago. #UnitedAirlines #lostluggage
positive,@VirginAmerica Thanks!
positive,@VirginAmerica I see what you did there 
positive,"@united thanks, it was my first time in a United lounge and felt welcomed."
positive,@VirginAmerica good to be home #texas #moodlighting http://t.co/N3BVZTY3zI
negative,@united how do I get my account number if your website says email is unavailable?
negative,"@VirginAmerica moved my seat with no notice. ""Better seat"" is cabin select not behind the row I selectedüëé #DISAPPOINTED"
positive,"Awesome! RT @VirginAmerica: Watch nominated films at 35,000 feet. #MeetTheFleet #Oscars http://t.co/DnStITRzWy"
positive,@VirginAmerica Thanks for a great flight from LA to Boston! Pilots did a great job landing in the snow. Can we go back to LA now? #seriously
negative,@VirginAmerica I am in seat 4C and I cannot even open my laptop
positive,@VirginAmerica Just bought tix for ATX - Dallas route - thanks for adding that! Love yr airline &amp
negative,@united I am trying to book awards for September and need flights on @aegeanairlines but they will not show even w/ many award seats availab
positive,@VirginAmerica thanks for gate checking my baggage on your full flight dfw-lax 883 and giving me early boarding too #sweet
positive,@VirginAmerica thanks for taking care of @SuuperG on her flight!! #rockstars #travel
positive,@united social media team is on point on #OscarNight :)
positive,@united tonight you made this Fred Flintstone happy with an upgrade to 1st class. http://t.co/gKgKZLAwpR
negative,@united then why have I not received my call back its been 3 days...it's an infant car seat how am I supposed to go anywhere with my child
negative,@united Yeah sorry but there's always a problem with United. And you have an international reputation for having problems.
negative,@VirginAmerica it was a disappointing experience which will be shared with every business traveler I meet. #neverflyvirgin
negative,@united it was credit from my last trip that never came in the mail!
positive,@united we just flew with United from AUS (Austin Bergstrom) to Cancun Intl. Best flight ever! The 737's are not too big... Not too small!
negative,"@VirginAmerica, I submitted a status match request a while back and still haven‚Äôt heard! I‚Äôm flying on Monday. Can you look / accelerate?"
positive,"@united Hi there, looks like my connection is delayed too so I'll make it. Thanks!"
negative,@united rude rude
negative,"@virginamerica not really the experience I was hoping 4, I ws forced 2 check in a small carry on, w/ nothing but empty cabin space on board"
positive,"@united it was very comfortable, now waiting for our luggage"
negative,@united so 8 hotels for 32 people but feel like we are being held hostage because someone has our boarding passes so we can't leave! #FAIL
negative,@VirginAmerica Another delayed flight? #likingyoulessandless
negative,"@United the internet is a great thing.  I am emailing executives in your company, maybe they will respond to me in a timely manner."
positive,"@VirginAmerica classiq, luv Virgin America. Greetingz"
negative,@VirginAmerica your Avis rental continue button doesn't work on your website to book car. Tried 4 times on phone.  This sucks!
negative,@lindaSWC @united:  We don't like to hear you had a poor experience. Please share details w/our Customer Care team http://t.co/HIsc4NdMgZ.
positive,@VirginAmerica really wish you'd fly out of #Fargo @fargoairport those fares are amazings
negative,@VirginAmerica What happened 2 ur vegan food options?! At least say on ur site so i know I won't be able 2 eat anything for next 6 hrs #fail
negative,@united I sure did.   I had to drive a total of 3 hours to get my own bag.  I'd like to explain that debacle but no one wants to talk to me.
negative,@VirginAmerica You'd think paying an extra $100 bucks RT for luggage might afford you hiring an extra hand at @sfo #lame
positive,@united met with agent. All taken care of. Thx for reply
negative,"@VirginAmerica hi! I just bked a cool birthday trip with you, but i can't add my elevate no. cause i entered my middle name during Flight Booking Problems üò¢"
negative,@VirginAmerica you guys messed up my seating.. I reserved seating with my friends and you guys gave my seat away ... üò° I want free internet
positive,@united look at this beauty üòâ dc-10 united airlines üòâ Hope you like this beauty üòâ http://t.co/NS1aCFqCdQ
positive,@VirginAmerica I've applied more then once to be a member of the #inflight crew team...Im 100% interested. #flightattendant #dreampath -G
positive,"@united thx off the response, finally got through the 45 min wait and talked to someone."
positive,@VirginAmerica we have a hot female pilot! Sweet! DCA to SFO! :-)
positive,@united Thank you! You need to follow back tho otherwise I can't DM you. X
negative,"@united has not responded to my various requests for contact numbers, does anyone know the UK customer service number for #UnitedAirlines"
